
{
  "entities": {
    "User": {
      "title": "User",
      "type": "object",
      "description": "Represents a user of the PlayNite application.",
      "properties": {
        "uid": {
          "type": "string",
          "description": "Unique identifier for the user entity, from Firebase Auth."
        },
        "email": {
          "type": "string",
          "description": "Email address of the user.",
          "format": "email"
        },
        "displayName": {
          "type": "string",
          "description": "Public display name of the user."
        },
        "photoURL": {
            "type": "string",
            "description": "URL of the user's profile picture.",
            "format": "uri"
        },
        "bio": {
            "type": "string",
            "description": "A short user biography."
        },
        "joined": {
          "type": "string",
          "description": "Date and time the user registered.",
          "format": "date-time"
        },
        "preferences": {
            "type": "object",
            "description": "User-specific settings for the application.",
            "properties": {
                "language": {"type": "string"},
                "enableNotifications": {"type": "boolean"},
                "autoplayNext": {"type": "boolean"},
                "videoQuality": {"type": "string"}
            }
        },
        "watchLater": {
            "type": "array",
            "description": "A list of video IDs the user wants to watch later.",
            "items": {"type": "string"}
        }
      },
      "required": [
        "uid",
        "email"
      ]
    },
    "Video": {
      "title": "Video",
      "type": "object",
      "description": "Represents a video in the PlayNite application.",
      "properties": {
        "id": {
          "type": "string",
          "description": "Unique identifier for the video entity."
        },
        "title": {
          "type": "string",
          "description": "Title of the video."
        },
        "description": {
          "type": "string",
          "description": "Description of the video content."
        },
        "uploadedAt": {
          "type": "string",
          "description": "Date and time the video was uploaded.",
          "format": "date-time"
        },
        "duration": {
          "type": "number",
          "description": "Duration of the video in seconds."
        },
        "thumbnailUrl": {
          "type": "string",
          "description": "URL of the video thumbnail.",
          "format": "uri"
        },
        "videoUrl": {
          "type": "string",
          "description": "URL of the video file.",
          "format": "uri"
        },
        "views": {
            "type": "number",
            "description": "Number of times the video has been viewed."
        },
        "categoryId": {
          "type": "string",
          "description": "Reference to a Category."
        },
        "tags": {
          "type": "array",
          "description": "List of tags associated with the video.",
          "items": {
            "type": "string"
          }
        },
        "creatorId": {
          "type": "string",
          "description": "Reference to Creator (User ID)."
        },
        "creator": {
            "type": "string",
            "description": "Display name of the creator at the time of upload."
        },
        "isEmbedded": {
            "type": "boolean",
            "description": "True if the video is from an external embeddable source."
        },
        "embedUrl": {
            "type": "string",
            "description": "The URL for the iframe embed source.",
            "format": "uri"
        },
        "embedProvider": {
            "type": "string",
            "enum": ["youtube", "vimeo", "adult", "generic"],
            "description": "The provider of the embedded video."
        }
      },
      "required": [
        "id",
        "title",
        "description",
        "uploadedAt",
        "duration",
        "thumbnailUrl",
        "videoUrl",
        "creatorId"
      ]
    },
    "Category": {
      "title": "Category",
      "type": "object",
      "description": "Represents a category for videos in the PlayNite application.",
      "properties": {
        "id": {
          "type": "string",
          "description": "Unique identifier for the category entity."
        },
        "name": {
          "type": "string",
          "description": "Name of the category."
        }
      },
      "required": [
        "id",
        "name"
      ]
    },
    "Tag": {
      "title": "Tag",
      "type": "object",
      "description": "Represents a tag for videos in the PlayNite application.",
      "properties": {
        "id": {
          "type": "string",
          "description": "Unique identifier for the tag entity."
        },
        "name": {
          "type": "string",
          "description": "Name of the tag."
        }
      },
      "required": [
        "id",
        "name"
      ]
    },
    "Favorite": {
      "title": "Favorite",
      "type": "object",
      "description": "Represents a video added to a user's favorites list.",
      "properties": {
        "videoId": {
          "type": "string",
          "description": "Reference to Video."
        },
        "addedDate": {
          "type": "string",
          "description": "Date and time the video was added to the favorites list.",
          "format": "date-time"
        }
      },
      "required": [
        "videoId",
        "addedDate"
      ]
    },
    "VideoHistory": {
      "title": "VideoHistory",
      "type": "object",
      "description": "Represents a user's video viewing history.",
      "properties": {
        "videoId": {
          "type": "string",
          "description": "Reference to Video."
        },
        "watchDate": {
          "type": "string",
          "description": "Date and time the video was watched.",
          "format": "date-time"
        },
        "title": {
            "type": "string",
            "description": "The title of the video at the time it was watched."
        },
        "thumbnailUrl": {
            "type": "string",
            "description": "The thumbnail URL of the video at the time it was watched."
        }
      },
      "required": [
        "videoId",
        "watchDate"
      ]
    },
    "Playlist": {
      "title": "Playlist",
      "type": "object",
      "description": "Represents a custom video playlist created by a user.",
      "properties": {
        "id": { "type": "string" },
        "userId": { "type": "string" },
        "name": { "type": "string" },
        "description": { "type": "string" },
        "createdAt": { "type": "string", "format": "date-time" },
        "updatedAt": { "type": "string", "format": "date-time" },
        "videoIds": { "type": "array", "items": { "type": "string" }},
        "videoCount": { "type": "number" }
      },
      "required": ["id", "userId", "name", "createdAt", "updatedAt"]
    },
    "Comment": {
      "title": "Comment",
      "type": "object",
      "description": "Represents a comment on a video.",
      "properties": {
        "id": { "type": "string" },
        "videoId": { "type": "string" },
        "userId": { "type": "string" },
        "text": { "type": "string" },
        "timestamp": { "type": "string", "format": "date-time" }
      },
      "required": ["id", "videoId", "userId", "text", "timestamp"]
    },
    "VideoLike": {
      "title": "VideoLike",
      "type": "object",
      "description": "Represents a like or dislike on a video by a user.",
      "properties": {
        "type": { "type": "string", "enum": ["like", "dislike"] }
      },
      "required": ["type"]
    },
    "Follower": {
      "title": "Follower",
      "type": "object",
      "description": "Represents a follower relationship. The document ID is the ID of the user being followed.",
      "properties": {
        "followerId": { "type": "string", "description": "The user who is following." },
        "followedId": { "type": "string", "description": "The user being followed." },
        "timestamp": { "type": "string", "format": "date-time" }
      },
      "required": ["followerId", "followedId", "timestamp"]
    },
    "Notification": {
      "title": "Notification",
      "type": "object",
      "description": "Represents a notification for a user.",
      "properties": {
        "id": { "type": "string" },
        "message": { "type": "string" },
        "read": { "type": "boolean" },
        "createdAt": { "type": "string", "format": "date-time" },
        "from": {
          "type": "object",
          "properties": {
            "name": { "type": "string" },
            "photoURL": { "type": "string", "format": "uri" }
          }
        },
        "link": { "type": "string", "format": "uri" }
      },
      "required": ["id", "message", "read", "createdAt"]
    }
  },
  "auth": {
    "providers": [
      "password",
      "anonymous",
      "google.com"
    ]
  },
  "firestore": {
    "/users/{userId}": {
      "schema": { "$ref": "#/entities/User" },
      "description": "Stores user profiles. Accessible only to the user and admins."
    },
    "/users/{userId}/favorites/{videoId}": {
      "schema": { "$ref": "#/entities/Favorite" },
      "description": "Stores a user's favorited videos. Document ID is the video ID. Accessible only to the user."
    },
    "/users/{userId}/video_history/{videoId}": {
      "schema": { "$ref": "#/entities/VideoHistory" },
      "description": "Stores a user's video viewing history. Document ID is the video ID. Accessible only to the user."
    },
    "/users/{userId}/playlists/{playlistId}": {
      "schema": { "$ref": "#/entities/Playlist" },
      "description": "Stores playlists created by a user. Accessible only to the user."
    },
    "/users/{creatorId}/followers/{followerId}": {
      "schema": { "$ref": "#/entities/Follower" },
      "description": "Stores the followers of a creator. Writeable by any authenticated user, readable by all."
    },
    "/users/{userId}/notifications/{notificationId}": {
      "schema": { "$ref": "#/entities/Notification" },
      "description": "Stores notifications for a user. Accessible only by the owning user."
    },
    "/videos/{videoId}": {
      "schema": { "$ref": "#/entities/Video" },
      "description": "Stores video metadata. Publicly readable, but restricted write access."
    },
    "/videos/{videoId}/comments/{commentId}": {
      "schema": { "$ref": "#/entities/Comment" },
      "description": "Stores comments for a video. Publicly readable, writeable by authenticated users."
    },
    "/videos/{videoId}/likes/{userId}": {
      "schema": { "$ref": "#/entities/VideoLike" },
      "description": "Stores likes/dislikes for a video. Publicly readable, writeable only by the owning user."
    },
    "/categories/{categoryId}": {
      "schema": { "$ref": "#/entities/Category" },
      "description": "Stores video categories. Publicly readable, but restricted write access."
    },
    "/tags/{tagId}": {
      "schema": { "$ref": "#/entities/Tag" },
      "description": "Stores video tags. Publicly readable, but restricted write access."
    }
  }
}
