{
  "placeholderImages": [
    {
      "id": "dev-roshan",
      "description": "Developer portrait for Roshan Sahu",
      "imageUrl": "https://images.unsplash.com/photo-1590086782792-42dd2350140d?crop=entropy&cs=tinysrgb&fit=max&fm=jpg&ixid=M3w3NDE5ODJ8MHwxfHNlYXJjaHw1fHxwZXJzb24lMjBwb3J0cmFpdHxlbnwwfHx8fDE3NjE2NjU3ODF8MA&ixlib=rb-4.1.0&q=80&w=1080",
      "imageHint": "person portrait"
    },
    {
      "id": "dev-papun",
      "description": "Developer portrait for Papun Sahu",
      "imageUrl": "https://images.unsplash.com/photo-1535643302794-19c3804b874b?crop=entropy&cs=tinysrgb&fit=max&fm=jpg&ixid=M3w3NDE5ODJ8MHwxfHNlYXJjaHwxMHx8cGVyc29uJTIwcG9ydHJhaXR8ZW58MHx8fHwxNzYxNjY1NzgxfDA&ixlib=rb-4.1.0&q=80&w=1080",
      "imageHint": "person portrait"
    },
    {
      "id": "dev-rohan",
      "description": "Developer portrait for Rohan Sahu",
      "imageUrl": "https://images.unsplash.com/photo-1544005313-94ddf0286df2?crop=entropy&cs=tinysrgb&fit=max&fm=jpg&ixid=M3w3NDE5ODJ8MHwxfHNlYXJjaHw4fHxwZXJzb24lMjBwb3J0cmFpdHxlbnwwfHx8fDE3NjE2NjU3ODF8MA&ixlib=rb-4.1.0&q=80&w=1080",
      "imageHint": "person portrait"
    }
  ]
}